system,mutation,site_group,conflict,conflict_group,true_population,predicted_population,training_mean_population,true_shift,predicted_shift,mae_nested_mlp,mae_training_mean,delta_model_minus_mean,seed_mae_sd,selected_candidate,selected_model,outer_fold,pca_hash
abl1,M290L,M290_L301,False,,"(0.5500, 0.1000, 0.3500)","(0.8785, 0.0611, 0.0605)","(0.2720, 0.0520, 0.6760)","(-0.3300, 0.0400, 0.2900)","(-0.0015, 0.0011, 0.0005)",0.21899495266666666,0.2173333333333333,0.001661619333333364,0.016255419046659964,pca20,LowRankCDST,0,c3ebe014a9482df640ceb3d88beaca4a170200e1ac259bb899703499a3530484
abl1,L301I,M290_L301,False,,"(0.2500, 0.1000, 0.6500)","(0.1368, 0.0366, 0.8266)","(0.3320, 0.0520, 0.6160)","(-0.6300, 0.0400, 0.5900)","(-0.7432, -0.0234, 0.7666)",0.11771151666666668,0.054666666666666676,0.06304485000000001,0.051330401508080874,pca20,LowRankCDST,1,ec044b149c2b5bb3fe5489076e18febf75e05289c8fbd78a0b4e53ffa91d3183
abl1,M290L_L301I,M290_L301,False,,"(0.0800, 0.1000, 0.8200)","(0.3980, 0.0435, 0.5586)","(0.3660, 0.0520, 0.5820)","(-0.8000, 0.0400, 0.7600)","(-0.4820, -0.0165, 0.4986)",0.21196844,0.19066666666666662,0.021301773333333385,0.04632948197117031,llr_only,LowRankCDST,2,
abl1,F382L,F382,True,F382_exact,"(0.8800, 0.0600, 0.0600)","(0.3283, 0.0580, 0.6136)","(0.2060, 0.0600, 0.7340)","(0.0000, 0.0000, 0.0000)","(-0.5517, -0.0020, 0.5536)",0.36908535000000003,0.4493333333333333,-0.08024798333333327,0.018716067865965132,pca20,LowRankCDST,3,decdf948440f4e0f01c2b05780cdf841810c62725181fdfe2e6b2a2b36c114b7
abl1,F382Y,F382,True,F382_exact,"(0.1000, 0.0000, 0.9000)","(0.0211, 0.0424, 0.9365)","(0.3620, 0.0720, 0.5660)","(-0.7800, -0.0600, 0.8400)","(-0.8589, -0.0176, 0.8765)",0.05256898833333334,0.22266666666666665,-0.1700976783333333,0.0016860329349944793,llr_only,LowRankCDST,4,
abl1,F382V,F382,True,F382_exact,"(0.0500, 0.0000, 0.9500)","(0.9060, 0.0514, 0.0426)","(0.3720, 0.0720, 0.5560)","(-0.8300, -0.0600, 0.8900)","(0.0260, -0.0086, -0.0174)",0.604949479,0.26266666666666666,0.3422828123333333,0.0027475412754587873,ext,LowRankCDST,5,
src,SrcKD-L410A,C_lobe,True,L410A_F405A,"(0.7300, 0.2700, 0.0000)","(0.0346, 0.1179, 0.8475)","(0.0814, 0.6657, 0.2529)","(0.0100, 0.2000, -0.2100)","(-0.6854, 0.0479, 0.6375)",0.5650191793333333,0.43238095238095237,0.13263822695238098,0.020720389896950873,pos,LowRankCDST,0,
src,SrcKD-V332I,N_lobe,False,,"(0.4800, 0.5200, 0.0000)","(0.0047, 0.8515, 0.1438)","(0.1171, 0.6300, 0.2529)","(-0.2400, 0.4500, -0.2100)","(-0.7153, 0.7815, -0.0662)",0.3168623993333333,0.24190476190476193,0.0749576374285714,0.0012688117690551595,pca20,LowRankCDST,1,62e91812870b79d416625682e2c1d20c4caaa5e2b2f1676226184433160d70c8
src,SrcKD-L270F_V332I,N_lobe,False,,"(0.0900, 0.9100, 0.0000)","(0.5607, 0.4313, 0.0080)","(0.1729, 0.5743, 0.2529)","(-0.6300, 0.8400, -0.2100)","(-0.1593, 0.3613, -0.2020)",0.31915167433333336,0.22380952380952376,0.0953421505238096,0.05778080343398781,pca20,LowRankCDST,2,be4cc5537937ab13928ebb90a347cd8ff1f77d947cf93264c41a1bffe895d04f
src,SrcKD-L325A,N_lobe,True,L325A_V331A,"(0.0000, 1.0000, 0.0000)","(0.6911, 0.2851, 0.0238)","(0.1857, 0.5614, 0.2529)","(-0.7200, 0.9300, -0.2100)","(-0.0289, 0.2151, -0.1862)",0.47660011799999996,0.29238095238095235,0.1842191656190476,0.05519569029448536,ext,LowRankCDST,3,
src,SrcKD-A311I,N_lobe,False,,"(0.0000, 1.0000, 0.0000)","(0.4273, 0.5693, 0.0035)","(0.1857, 0.5614, 0.2529)","(-0.7200, 0.9300, -0.2100)","(-0.2927, 0.4993, -0.2065)",0.2871474506666667,0.29238095238095235,-0.00523350171428566,0.06910772329137202,ext,LowRankCDST,4,
src,SrcKD-V380A,C_lobe,False,,"(0.0000, 0.6200, 0.3800)","(0.0744, 0.1053, 0.8204)","(0.1857, 0.6157, 0.1986)","(-0.7200, 0.5500, 0.1700)","(-0.6456, 0.0353, 0.6104)",0.34315713800000003,0.12380952380952377,0.21934761419047627,0.06892330449227613,pos,LowRankCDST,5,
src,SrcKD-V331A,N_lobe,True,L325A_V331A,"(0.0000, 0.4500, 0.5500)","(0.0088, 0.9692, 0.0220)","(0.1857, 0.6400, 0.1743)","(-0.7200, 0.3800, 0.3400)","(-0.7112, 0.8992, -0.1880)",0.35199624533333335,0.2504761904761905,0.10152005485714283,0.008469978905814628,pos,LowRankCDST,6,
src,SrcKD-F405A,C_lobe,True,L410A_F405A,"(0.0000, 0.1600, 0.8400)","(0.7167, 0.2419, 0.0413)","(0.1857, 0.6814, 0.1329)","(-0.7200, 0.0900, 0.6300)","(-0.0033, 0.1719, -0.1687)",0.5324451570000001,0.47142857142857136,0.061016585571428694,0.020967670204519225,pos,LowRankCDST,7,
