system,variant,holdout,selected_candidate,selected_model,inner_mae,pred_active,pred_E1,pred_E2,target_active,target_E1,target_E2,mae,d_eff,pca_hash,support
abl1,mlp,M290L,pca20,LowRankCDST,0.13524272670549706,0.878492429,0.061057441,0.06045013,0.55,0.1,0.35,0.218995,4,c3ebe014a9482df640ceb3d88beaca4a170200e1ac259bb899703499a3530484,in
abl1,mlp,L301I,pca20,LowRankCDST,0.20802302384811955,0.136830226,0.036602499,0.826567275,0.25,0.1,0.65,0.117712,4,ec044b149c2b5bb3fe5489076e18febf75e05289c8fbd78a0b4e53ffa91d3183,in
abl1,mlp,M290L_L301I,llr_only,LowRankCDST,0.11040659767137581,0.39795266,0.043472956,0.558574384,0.08,0.1,0.82,0.211968,1,,in
abl1,mlp,F382L,pca20,LowRankCDST,0.09992313604002112,0.328335795,0.05803618,0.613628025,0.88,0.06,0.06,0.369085,4,decdf948440f4e0f01c2b05780cdf841810c62725181fdfe2e6b2a2b36c114b7,in
abl1,mlp,F382Y,llr_only,LowRankCDST,0.20940674207676951,0.021146518,0.042371161,0.936482322,0.1,0.0,0.9,0.052569,1,,in
abl1,mlp,F382V,ext,LowRankCDST,0.15093151189304094,0.906011119,0.0514131,0.042575782,0.05,0.0,0.95,0.604949,10,,in
abl1,model_select,M290L,pca20,LowRankCDST,0.18793542000232194,0.83995576,0.07475044,0.0852938,0.55,0.1,0.35,0.193304,4,c3ebe014a9482df640ceb3d88beaca4a170200e1ac259bb899703499a3530484,in
abl1,model_select,L301I,llr_pos,LowRankCDST,0.223424613811056,0.479332784,0.173474539,0.347192678,0.25,0.1,0.65,0.201872,5,,in
abl1,model_select,M290L_L301I,llr_only,CLR-GP,0.09796277005940097,0.719011109,0.001079761,0.27990913,0.08,0.1,0.82,0.426007,1,,in
abl1,model_select,F382L,llr_pos,LowRankCDST,0.0868191107936068,0.337968638,0.048451307,0.613580055,0.88,0.06,0.06,0.369053,5,,in
abl1,model_select,F382Y,llr_only,LowRankCDST,0.25904419869445416,0.024787902,0.033385802,0.941826296,0.1,0.0,0.9,0.050141,1,,in
abl1,model_select,F382V,ext,LowRankCDST,0.1993223144623743,0.891118901,0.055905056,0.052976043,0.05,0.0,0.95,0.598016,10,,in
src,mlp,SrcKD-L410A,pos,LowRankCDST,0.21932331570935423,0.034577176,0.117894055,0.847528769,0.73,0.27,0.0,0.565019,4,,out
src,mlp,SrcKD-V332I,pca20,LowRankCDST,0.2233115190537844,0.004706401,0.851527302,0.143766297,0.48,0.52,0.0,0.316862,6,62e91812870b79d416625682e2c1d20c4caaa5e2b2f1676226184433160d70c8,in
src,mlp,SrcKD-L270F_V332I,pca20,LowRankCDST,0.3170716747241135,0.560685537,0.431272488,0.008041974,0.09,0.91,0.0,0.319152,6,be4cc5537937ab13928ebb90a347cd8ff1f77d947cf93264c41a1bffe895d04f,out
src,mlp,SrcKD-L325A,ext,LowRankCDST,0.2779350450617707,0.69108286,0.285099823,0.023817317,0.0,1.0,0.0,0.4766,10,,out
src,mlp,SrcKD-A311I,ext,LowRankCDST,0.3327394518234647,0.427251358,0.569278824,0.003469818,0.0,1.0,0.0,0.287147,10,,out
src,mlp,SrcKD-V380A,pos,LowRankCDST,0.3126561926776061,0.074362205,0.105264293,0.820373502,0.0,0.62,0.38,0.343157,4,,out
src,mlp,SrcKD-V331A,pos,LowRankCDST,0.2544508327395848,0.008807098,0.96918727,0.022005632,0.0,0.45,0.55,0.351996,4,,out
src,mlp,SrcKD-F405A,pos,LowRankCDST,0.2684140697854394,0.716742299,0.241925436,0.041332264,0.0,0.16,0.84,0.532445,4,,out
src,model_select,SrcKD-L410A,pos,CLR-Ridge,0.17346987541484934,1.5e-07,0.24104617,0.75895368,0.73,0.27,0.0,0.505969,4,,out
src,model_select,SrcKD-V332I,pca20,LowRankCDST,0.21583093483392388,0.004112395,0.923168137,0.072719468,0.48,0.52,0.0,0.317258,6,62e91812870b79d416625682e2c1d20c4caaa5e2b2f1676226184433160d70c8,in
src,model_select,SrcKD-L270F_V332I,pos,CLR-GP,0.28412790863704496,9.1965e-05,0.999308395,0.000599639,0.09,0.91,0.0,0.059939,4,,out
src,model_select,SrcKD-L325A,pca20,CLR-GP,0.29249867007411684,0.000329078,0.997765588,0.001905334,0.0,1.0,0.0,0.00149,6,1141fc3fed829b0af6b8a14799065dc169c0832ec95caab1e6ed1a86301fc78e,out
src,model_select,SrcKD-A311I,llr_pos,CLR-Ridge,0.2845307208011465,8.1841e-05,0.999055933,0.000862226,0.0,1.0,0.0,0.000629,5,,out
src,model_select,SrcKD-V380A,ext,CLR-GP,0.2564184748372244,0.000444257,0.999465162,9.0581e-05,0.0,0.62,0.38,0.253273,10,,out
src,model_select,SrcKD-V331A,pca20,CLR-GP,0.24021407746493878,0.000424389,0.999493533,8.2078e-05,0.0,0.45,0.55,0.366612,6,b7ed630a23e7bc4eb521c2efd2b33dae20a0c3cf0d043e12b6de7fc9f0863406,out
src,model_select,SrcKD-F405A,llr_pos,CLR-GP,0.21255909992552693,0.007014615,0.992960043,2.5341e-05,0.0,0.16,0.84,0.559983,5,,out
